source_record_id,source_account_id,company_name,company_domain,source_observed_at,event_at,source_url,fact_code,assertion,source_excerpt
profile:sendtrumpet.com:v1,sendtrumpet-com,trumpet,sendtrumpet.com,2026-10-04T10:19:27Z,,https://www.sendtrumpet.com/use-cases/enablement,offers_sales_enablement_software,PRESENT,Trumpet offers sales enablement software for rep training and approved content.
profile:showpad.com:v1,showpad-com,Showpad,showpad.com,2026-10-04T10:19:27Z,,https://www.showpad.com/lp/sales-enablement,offers_sales_enablement_software,PRESENT,Showpad offers a sales enablement platform with content and coaching.
profile:supademo.com:v1,supademo-com,Supademo,supademo.com,2026-10-04T10:19:27Z,,https://supademo.com/features/personalization,offers_sales_enablement_software,PRESENT,Supademo offers interactive demo software for sales and enablement use.
profile:dock.us:v1,dock-us,Dock,dock.us,2026-10-04T10:19:27Z,,https://www.dock.us/solutions/sales-enablement,offers_sales_enablement_software,PRESENT,Dock offers a sales enablement platform with deal rooms and playbooks.
profile:dropbox.com:v1,dropbox-com,Dropbox,dropbox.com,2026-10-04T10:19:27Z,,https://www.dropbox.com/business/solutions/sales,offers_sales_enablement_software,INCONCLUSIVE,Dropbox offers sales document tools; a sales enablement software offering is unclear.
profile:hubspot.com:v1,hubspot-com,HubSpot,hubspot.com,2026-10-04T10:19:27Z,,https://www.hubspot.com/products,offers_sales_enablement_software,PRESENT,HubSpot offers sales software including document tracking for enablement content.
profile:spekit.com:v1,spekit-com,Spekit,spekit.com,2026-10-04T10:19:27Z,,https://www.spekit.com/solutions/sales-enablement,offers_sales_enablement_software,PRESENT,Spekit offers sales enablement software with content and learning tools.
profile:mindtickle.com:v1,mindtickle-com,Mindtickle,mindtickle.com,2026-10-04T10:19:27Z,,https://www.mindtickle.com/,offers_sales_enablement_software,PRESENT,Mindtickle offers a revenue enablement platform with training and content.
profile:inaccord.com:v1,inaccord-com,Accord,inaccord.com,2026-10-04T10:19:27Z,,https://inaccord.com/what-is-accord,offers_sales_enablement_software,PRESENT,Accord offers software for sales playbooks and content enablement.
profile:relayto.com:v1,relayto-com,RELAYTO,relayto.com,2026-10-04T10:19:27Z,,https://relayto.com/solutions/sales-enablement,offers_sales_enablement_software,PRESENT,RELAYTO offers interactive sales enablement content software.
profile:salesforce.com:v1,salesforce-com,Salesforce,salesforce.com,2026-10-04T10:19:27Z,,https://www.salesforce.com/sales/enablement/,offers_sales_enablement_software,PRESENT,Salesforce offers sales programs and enablement software.
profile:alignedup.com:v1,alignedup-com,Aligned,alignedup.com,2026-10-04T10:19:27Z,,https://alignedup.com/,offers_sales_enablement_software,INCONCLUSIVE,Aligned offers a digital sales room; the narrow enablement criterion is unclear.
profile:allego.com:v1,allego-com,Allego,allego.com,2026-10-04T10:19:27Z,,https://www.allego.com/about/,offers_sales_enablement_software,PRESENT,Allego describes itself as a sales enablement software provider.
profile:seismic.com:v1,seismic-com,Seismic,seismic.com,2026-10-04T10:19:27Z,,https://seismic.com/products/enablement-cloud/,offers_sales_enablement_software,PRESENT,Seismic offers an enablement software platform for sales teams.
profile:supered.io:v1,supered-io,Supered,supered.io,2026-10-04T10:19:27Z,,https://www.supered.io/,offers_sales_enablement_software,PRESENT,Supered offers in-workflow software for sales process enablement.
profile:getaccept.com:v1,getaccept-com,GetAccept,getaccept.com,2026-10-04T10:19:27Z,,https://www.getaccept.com/use-cases/sales-enablement-software,offers_sales_enablement_software,PRESENT,GetAccept offers sales enablement content software.
profile:goconsensus.com:v1,goconsensus-com,Consensus,goconsensus.com,2026-10-04T10:19:27Z,,https://goconsensus.com/solutions/sales,offers_sales_enablement_software,PRESENT,Consensus describes its demo platform as sales enablement software.
profile:adobe.com:v1,adobe-com,Adobe,adobe.com,2026-10-04T10:19:27Z,,https://www.adobe.com/uk/express/learn/blog/sales-enablement,offers_sales_enablement_software,INCONCLUSIVE,Adobe discusses sales enablement tools; the narrow offering criterion is unclear.
profile:letter.ai:v1,letter-ai,Letter AI,letter.ai,2026-10-04T10:19:27Z,,https://www.letter.ai/use-cases,offers_sales_enablement_software,PRESENT,Letter AI offers revenue enablement software for sales teams.
profile:salesloft.com:v1,salesloft-com,Salesloft,salesloft.com,2026-10-04T10:19:27Z,,https://www.salesloft.com/platform/sales-acceleration,offers_sales_enablement_software,PRESENT,Salesloft offers sales enablement analytics within its sales platform.
